year,age,wage
2006,18,75.04315402
2004,24,70.47601965
2003,45,130.9821774
2003,43,154.685293
2005,50,75.04315402
2008,54,127.1157438
2009,44,169.528538
2008,30,111.7208494
2006,41,118.8843593
2004,52,128.6804882
2007,45,117.1468169
2007,34,81.28325328
2005,35,89.49247952
2003,39,134.7053751
2009,54,134.7053751
2009,51,90.48191336
2003,37,82.6796373
2006,50,212.8423523
2007,56,129.156693
2003,37,98.59934386
